sample_ID,species,abbrev,SRR,country,lon,lat,category,perc_proper_reads,depth,n.sites_filtered_individual,n.sites_filtered_species,n.sites_pruned_species
AKA_186,Amphiprion_akallopisos,AKA,pending upload,MDG,43.55219953,-23.15439092,RM specialist,92.3328,22.6121,7675039,7675525,1025032
AKA_189,Amphiprion_akallopisos,AKA,pending upload,MDG,43.57004371,-23.1400847,RM specialist,92.7118,23.4146,7675124,7675525,1025032
AKA_190,Amphiprion_akallopisos,AKA,pending upload,MDG,43.57004371,-23.1400847,RM specialist,92.7786,22.427,7674869,7675525,1025032
FH4029,Amphiprion_akallopisos,AKA,SRR26235441,IDN,110.31,-5.79708335,RM specialist,92.1653,9.42608,7671245,7675525,1025032
FH4030,Amphiprion_akallopisos,AKA,SRR26235440,IDN,110.31,-5.79708335,RM specialist,92.4824,12.1849,7673870,7675525,1025032
FH4031,Amphiprion_akallopisos,AKA,SRR26235439,IDN,110.31,-5.79708335,RM specialist,92.2614,9.86374,7671764,7675525,1025032
FH4032,Amphiprion_akallopisos,AKA,SRR26235438,IDN,110.31,-5.79708335,RM specialist,92.1919,9.92598,7672139,7675525,1025032
FH4034,Amphiprion_akallopisos,AKA,SRR26235437,IDN,110.31,-5.79708335,RM specialist,91.9706,9.86498,7672270,7675525,1025032
AKA_142,Amphiprion_akallopisos,AKA,pending upload,THA,99.0943842,7.5310204,RM specialist,92.7293,21.3841,7674023,7675525,1025032
AKA_143,Amphiprion_akallopisos,AKA,pending upload,THA,99.0943842,7.5310204,RM specialist,92.7153,20.4898,7674113,7675525,1025032
AKA_146,Amphiprion_akallopisos,AKA,pending upload,THA,99.0943842,7.5310204,RM specialist,92.6183,18.2855,7673790,7675525,1025032
AKA_147,Amphiprion_akallopisos,AKA,pending upload,THA,99.0943842,7.5310204,RM specialist,92.5576,19.0392,7674007,7675525,1025032
AKA_153,Amphiprion_akallopisos,AKA,pending upload,THA,99.0943842,7.5310204,RM specialist,93.2567,17.9931,7673365,7675525,1025032
FH810,Amphiprion_akallopisos,AKA,SRR26235442,KNY,40.9010641,-2.2675396,RM specialist,92.3215,9.41553,7672840,7675525,1025032
FH86,Amphiprion_akallopisos,AKA,SRR26235416,KNY,40.9010641,-2.2675396,RM specialist,92.411,8.75135,7671149,7675525,1025032
FH87,Amphiprion_akallopisos,AKA,SRR26235415,KNY,40.9010641,-2.2675396,RM specialist,92.6112,9.89212,7672923,7675525,1025032
FH88,Amphiprion_akallopisos,AKA,SRR26235414,KNY,40.9010641,-2.2675396,RM specialist,92.2199,8.81672,7670894,7675525,1025032
FH89,Amphiprion_akallopisos,AKA,SRR26235413,KNY,40.9010641,-2.2675396,RM specialist,92.3139,9.53027,7672293,7675525,1025032
MY085,Amphiprion_akallopisos,AKA,SRR26235444,MYT,45.14852895,-12.8255515,RM specialist,92.6534,5.85174,7635303,7675525,1025032
MY197,Amphiprion_akallopisos,AKA,SRR26235443,MYT,45.14852895,-12.8255515,RM specialist,91.9005,7.92593,7668251,7675525,1025032
MY428,Amphiprion_akallopisos,AKA,SRR26235432,MYT,45.14852895,-12.8255515,RM specialist,91.9665,9.96651,7668714,7675525,1025032
MY429,Amphiprion_akallopisos,AKA,SRR26235421,MYT,45.14852895,-12.8255515,RM specialist,91.9409,5.91961,7639470,7675525,1025032
MY790,Amphiprion_akallopisos,AKA,SRR26235418,MYT,45.14852895,-12.8255515,RM specialist,92.1458,9.93439,7673093,7675525,1025032
MY791,Amphiprion_akallopisos,AKA,SRR26235417,MYT,45.14852895,-12.8255515,RM specialist,91.8174,9.46974,7672472,7675525,1025032
005_AKA,Amphiprion_akallopisos,AKA,pending upload,NA,NA,NA,RM specialist,87.5493,42.2141,7655975,7675525,1025032
AKA_195,Amphiprion_akallopisos,AKA,pending upload,MDG,48.23630543,-13.47861812,RM specialist,92.5376,21.7256,7674889,7675525,1025032
AKA_196,Amphiprion_akallopisos,AKA,pending upload,MDG,48.23281855,-13.48444507,RM specialist,92.8342,20.4399,7675024,7675525,1025032
AKA_207,Amphiprion_akallopisos,AKA,pending upload,MDG,48.09970597,-13.32212519,RM specialist,92.4339,23.4982,7674936,7675525,1025032
AKA_209,Amphiprion_akallopisos,AKA,pending upload,MDG,48.09153674,-13.30912701,RM specialist,92.635,18.1921,7674857,7675525,1025032
AKA_213,Amphiprion_akallopisos,AKA,pending upload,MDG,48.09153674,-13.30912701,RM specialist,92.0034,24.8416,7675102,7675525,1025032
AKA_217,Amphiprion_akallopisos,AKA,pending upload,MDG,48.09153674,-13.30912701,RM specialist,92.5386,23.1443,7675043,7675525,1025032
AKA_220,Amphiprion_akallopisos,AKA,pending upload,MDG,48.08626881,-13.31313813,RM specialist,92.4332,25.1016,7674471,7675525,1025032
AKA_221,Amphiprion_akallopisos,AKA,pending upload,MDG,48.0898737,-13.3891331,RM specialist,93.0027,25.6859,7675041,7675525,1025032
AKA_227,Amphiprion_akallopisos,AKA,pending upload,MDG,48.06288907,-13.36661812,RM specialist,92.3827,24.3053,7675060,7675525,1025032
AKA_229,Amphiprion_akallopisos,AKA,pending upload,MDG,48.09002737,-13.33748876,RM specialist,92.7247,22.5989,7674994,7675525,1025032
AKA_110,Amphiprion_akallopisos,AKA,pending upload,THA,98.77664337,7.7522403,RM specialist,92.3838,24.0458,7674342,7675525,1025032
AKA_118,Amphiprion_akallopisos,AKA,pending upload,THA,98.77664337,7.7522403,RM specialist,92.7624,24.4246,7674492,7675525,1025032
AKA_124,Amphiprion_akallopisos,AKA,pending upload,THA,98.77664337,7.7522403,RM specialist,92.7289,24.8224,7673950,7675525,1025032
AKA_140,Amphiprion_akallopisos,AKA,pending upload,THA,98.77664337,7.7522403,RM specialist,93.0229,23.2131,7674417,7675525,1025032
AKA_60,Amphiprion_akallopisos,AKA,pending upload,THA,98.3529292,7.9366015,RM specialist,92.6645,22.4458,7674040,7675525,1025032
AKA_63,Amphiprion_akallopisos,AKA,pending upload,THA,98.3529292,7.9366015,RM specialist,92.2484,25.3027,7674545,7675525,1025032
AKA_66,Amphiprion_akallopisos,AKA,pending upload,THA,98.3529292,7.9366015,RM specialist,92.1907,23.4418,7674509,7675525,1025032
AKA_75,Amphiprion_akallopisos,AKA,pending upload,THA,98.3529292,7.9366015,RM specialist,92.5557,26.1907,7674282,7675525,1025032
AKA_79,Amphiprion_akallopisos,AKA,pending upload,THA,97.64486602,8.6487805,RM specialist,92.8245,24.4519,7674394,7675525,1025032
AKA_89,Amphiprion_akallopisos,AKA,pending upload,THA,97.64486602,8.6487805,RM specialist,92.2767,22.7279,7674090,7675525,1025032
AKA_92,Amphiprion_akallopisos,AKA,pending upload,THA,97.64486602,8.6487805,RM specialist,92.3885,29.4075,7674600,7675525,1025032
AKA_96,Amphiprion_akallopisos,AKA,pending upload,THA,97.64486602,8.6487805,RM specialist,92.7301,29.6684,7674412,7675525,1025032
AKA_98,Amphiprion_akallopisos,AKA,pending upload,THA,97.64486602,8.6487805,RM specialist,92.5682,26.4977,7674766,7675525,1025032
AKA_172,Amphiprion_akallopisos,AKA,pending upload,MDG,43.63351925,-23.37868667,RM specialist,92.0931,19.45,7674836,7675525,1025032
AKA_175,Amphiprion_akallopisos,AKA,pending upload,MDG,43.63351925,-23.37868667,RM specialist,92.7243,22.4534,7675096,7675525,1025032
AKA_179,Amphiprion_akallopisos,AKA,pending upload,MDG,43.63990989,-23.39874853,RM specialist,92.9717,19.0434,7674733,7675525,1025032
AKA_181,Amphiprion_akallopisos,AKA,pending upload,MDG,43.63990989,-23.39874853,RM specialist,92.9777,22.6414,7674727,7675525,1025032
AKA_184,Amphiprion_akallopisos,AKA,pending upload,MDG,43.63990989,-23.39874853,RM specialist,92.7363,25.7,7675026,7675525,1025032
NC016,Amphiprion_akindynos,AKY,pending upload,NCD,165.371285,-20.9205377,Generalist,91.4083,14.6255,18277120,18306936,1225349
AC503,Amphiprion_akindynos,AKY,pending upload,AUS,145.4609161,-14.6683188,Generalist,92.645,13.9192,18302854,18306936,1225349
AC504,Amphiprion_akindynos,AKY,pending upload,AUS,145.4609161,-14.6683188,Generalist,91.9134,15.3777,18297268,18306936,1225349
AC505,Amphiprion_akindynos,AKY,pending upload,AUS,145.4609161,-14.6683188,Generalist,91.6951,15.6109,18303853,18306936,1225349
AC687,Amphiprion_akindynos,AKY,pending upload,AUS,145.4609161,-14.6683188,Generalist,91.7041,15.9465,18304231,18306936,1225349
AC688,Amphiprion_akindynos,AKY,pending upload,AUS,145.4609161,-14.6683188,Generalist,91.1978,15.8568,18172588,18306936,1225349
AC690,Amphiprion_akindynos,AKY,pending upload,AUS,145.4609161,-14.6683188,Generalist,91.4737,16.7139,18304495,18306936,1225349
AC691,Amphiprion_akindynos,AKY,pending upload,AUS,145.4609161,-14.6683188,Generalist,91.0074,15.6237,18038984,18306936,1225349
AC716,Amphiprion_akindynos,AKY,pending upload,AUS,145.4609161,-14.6683188,Generalist,91.2378,16.1831,18304009,18306936,1225349
AC717,Amphiprion_akindynos,AKY,pending upload,AUS,145.4609161,-14.6683188,Generalist,90.7604,15.6306,18304202,18306936,1225349
AC718,Amphiprion_akindynos,AKY,pending upload,AUS,145.4609161,-14.6683188,Generalist,90.6008,16.8394,18295435,18306936,1225349
AC719,Amphiprion_akindynos,AKY,pending upload,AUS,145.4609161,-14.6683188,Generalist,91.0532,15.8861,18303871,18306936,1225349
AK1,Amphiprion_akindynos,AKY,pending upload,AUS,145.4609161,-14.6683188,Generalist,90.6312,16.3935,18304162,18306936,1225349
AK13,Amphiprion_akindynos,AKY,pending upload,AUS,145.4609161,-14.6683188,Generalist,90.4755,15.5141,18304437,18306936,1225349
AK14,Amphiprion_akindynos,AKY,pending upload,AUS,145.4609161,-14.6683188,Generalist,91.1598,16.2031,18303914,18306936,1225349
AK16,Amphiprion_akindynos,AKY,pending upload,AUS,145.4609161,-14.6683188,Generalist,89.8558,16.6427,18304138,18306936,1225349
AK18,Amphiprion_akindynos,AKY,pending upload,AUS,145.4609161,-14.6683188,Generalist,90.0837,16.029,18304335,18306936,1225349
AK8,Amphiprion_akindynos,AKY,pending upload,AUS,145.4609161,-14.6683188,Generalist,91.5074,16.1735,18304009,18306936,1225349
AK9,Amphiprion_akindynos,AKY,pending upload,AUS,145.4609161,-14.6683188,Generalist,90.1647,16.0556,18303531,18306936,1225349
AK055,Amphiprion_akindynos,AKY,pending upload,NCD,166.4750078,-22.2803087,Generalist,91.5853,13.9945,18301294,18306936,1225349
AK069,Amphiprion_akindynos,AKY,pending upload,NCD,166.4750078,-22.2803087,Generalist,91.6456,15.2166,18302084,18306936,1225349
AK038,Amphiprion_akindynos,AKY,pending upload,NCD,165.3267822,-20.7960485,Generalist,91.5849,16.2012,18301361,18306936,1225349
AK003,Amphiprion_akindynos,AKY,pending upload,NCD,165.3820202,-20.9371423,Generalist,91.7491,15.2803,18301634,18306936,1225349
CH171,Amphiprion_chrysopterus,CRP,pending upload,FIJ,179.0122737,-18.1239696,Generalist,90.9757,15.0178,9946012,9947267,751089
CH172,Amphiprion_chrysopterus,CRP,pending upload,FIJ,179.0122737,-18.1239696,Generalist,91.1717,9.62967,9943654,9947267,751089
CH173,Amphiprion_chrysopterus,CRP,pending upload,FIJ,179.0122737,-18.1239696,Generalist,91.1644,10.3887,9944790,9947267,751089
CH174,Amphiprion_chrysopterus,CRP,pending upload,FIJ,179.0122737,-18.1239696,Generalist,91.0638,12.9569,9945893,9947267,751089
CH11,Amphiprion_chrysopterus,CRP,pending upload,PNG,150.1445441,-5.5502054,Generalist,91.6756,7.90131,9941024,9947267,751089
CH176,Amphiprion_chrysopterus,CRP,pending upload,PNG,150.1445441,-5.5502054,Generalist,90.71,12.6558,9947095,9947267,751089
CH178,Amphiprion_chrysopterus,CRP,pending upload,PNG,150.1445441,-5.5502054,Generalist,90.6342,16.2105,9947193,9947267,751089
CH18,Amphiprion_chrysopterus,CRP,pending upload,PNG,150.1445441,-5.5502054,Generalist,91.7172,6.0569,9903747,9947267,751089
CH205,Amphiprion_chrysopterus,CRP,pending upload,PNG,150.1445441,-5.5502054,Generalist,90.563,16.3878,9947113,9947267,751089
CH206,Amphiprion_chrysopterus,CRP,pending upload,PNG,150.1445441,-5.5502054,Generalist,90.6377,18.3984,9947151,9947267,751089
CH29,Amphiprion_chrysopterus,CRP,pending upload,PNG,150.1445441,-5.5502054,Generalist,92.088,6.30995,9914653,9947267,751089
CH31,Amphiprion_chrysopterus,CRP,pending upload,PNG,150.1445441,-5.5502054,Generalist,90.6882,14.0345,9947084,9947267,751089
CH8,Amphiprion_chrysopterus,CRP,pending upload,PNG,150.1445441,-5.5502054,Generalist,90.5935,18.5228,9947105,9947267,751089
CH82,Amphiprion_chrysopterus,CRP,pending upload,PNG,150.1445441,-5.5502054,Generalist,90.758,15.2899,9947047,9947267,751089
CH100,Amphiprion_chrysopterus,CRP,pending upload,SOI,157.9961689,-8.51329565,Generalist,90.3114,9.62492,9945873,9947267,751089
CH112,Amphiprion_chrysopterus,CRP,pending upload,SOI,157.9961689,-8.51329565,Generalist,90.7744,14.4274,9947018,9947267,751089
CH127,Amphiprion_chrysopterus,CRP,pending upload,SOI,157.9961689,-8.51329565,Generalist,90.7987,15.5109,9947137,9947267,751089
CH131,Amphiprion_chrysopterus,CRP,pending upload,SOI,157.9961689,-8.51329565,Generalist,90.8076,8.45628,9943435,9947267,751089
CH132,Amphiprion_chrysopterus,CRP,pending upload,SOI,157.9961689,-8.51329565,Generalist,91.1832,8.00025,9941444,9947267,751089
CH141,Amphiprion_chrysopterus,CRP,pending upload,SOI,157.9961689,-8.51329565,Generalist,90.1834,13.2321,9947121,9947267,751089
CH155,Amphiprion_chrysopterus,CRP,pending upload,SOI,157.9961689,-8.51329565,Generalist,90.7515,15.6091,9947091,9947267,751089
CH96,Amphiprion_chrysopterus,CRP,pending upload,SOI,157.9961689,-8.51329565,Generalist,90.2323,26.3859,9947180,9947267,751089
GA040,Amphiprion_chrysopterus,CRP,pending upload,POL,-149.8386006,-17.533306,Generalist,91.9069,23.114,9929136,9947267,751089
CH167,Amphiprion_chrysopterus,CRP,pending upload,PAU,132.9102573,5.3783537,Generalist,92.4251,6.58989,9921300,9947267,751089
GA031,Amphiprion_chrysopterus,CRP,pending upload,SOI,159.1070694,-8.7053941,Generalist,92.0323,7.34233,9912665,9947267,751089
MV087,Amphiprion_clarkii,CLK,SRR29150659,MDV,72.87168536,4.4389236,Generalist,96.0338,10.8651,19726774,19759807,2192819
MV088,Amphiprion_clarkii,CLK,SRR29150658,MDV,72.87168536,4.4389236,Generalist,96.56,11.5092,19727490,19759807,2192819
MV186,Amphiprion_clarkii,CLK,SRR29150657,MDV,72.87168536,4.4389236,Generalist,95.3928,10.5093,19729115,19759807,2192819
MV187,Amphiprion_clarkii,CLK,SRR29150656,MDV,72.87168536,4.4389236,Generalist,96.3234,12.7719,19730670,19759807,2192819
MV212,Amphiprion_clarkii,CLK,SRR29150655,MDV,72.87168536,4.4389236,Generalist,95.7796,7.82726,19708395,19759807,2192819
MV031,Amphiprion_clarkii,CLK,SRR29150654,MDV,73.57600321,4.35429895,Generalist,96.3869,9.22743,19719745,19759807,2192819
MV032,Amphiprion_clarkii,CLK,SRR29150653,MDV,73.57600321,4.35429895,Generalist,96.6748,10.2972,19728712,19759807,2192819
MV033,Amphiprion_clarkii,CLK,SRR29150652,MDV,73.57600321,4.35429895,Generalist,96.2785,11.5549,19730706,19759807,2192819
MV035,Amphiprion_clarkii,CLK,SRR29150651,MDV,73.57600321,4.35429895,Generalist,96.2334,8.73815,19713581,19759807,2192819
MV601,Amphiprion_clarkii,CLK,SRR29150650,MDV,73.57600321,4.35429895,Generalist,96.5082,8.95086,19721202,19759807,2192819
CLK_150,Amphiprion_clarkii,CLK,pending upload,THA,99.0943842,7.5310204,Generalist,96.6995,20.6311,19747348,19759807,2192819
CLK_158,Amphiprion_clarkii,CLK,pending upload,THA,99.0943842,7.5310204,Generalist,96.5249,24.8031,19739971,19759807,2192819
CLK_161,Amphiprion_clarkii,CLK,pending upload,THA,99.0943842,7.5310204,Generalist,96.7421,19.8511,19743161,19759807,2192819
CLK_166,Amphiprion_clarkii,CLK,pending upload,THA,99.0943842,7.5310204,Generalist,96.6539,22.5681,19746185,19759807,2192819
CLK_169,Amphiprion_clarkii,CLK,pending upload,THA,99.0943842,7.5310204,Generalist,96.9487,16.6089,19738153,19759807,2192819
3378,Amphiprion_clarkii,CLK,pending upload,PNG,147.2911798,-9.5388325,Generalist,95.3114,20.9499,19754740,19759807,2192819
3379,Amphiprion_clarkii,CLK,pending upload,PNG,147.2911798,-9.5388325,Generalist,93.2189,15.9285,19758049,19759807,2192819
3380,Amphiprion_clarkii,CLK,pending upload,PNG,147.2911798,-9.5388325,Generalist,93.8908,18.6419,19754261,19759807,2192819
3381,Amphiprion_clarkii,CLK,pending upload,PNG,147.2911798,-9.5388325,Generalist,93.9437,13.8156,19755470,19759807,2192819
3383,Amphiprion_clarkii,CLK,pending upload,PNG,147.2911798,-9.5388325,Generalist,94.8301,17.8797,19755480,19759807,2192819
3384,Amphiprion_clarkii,CLK,pending upload,PNG,147.2911798,-9.5388325,Generalist,95.2804,12.6809,19752814,19759807,2192819
3386,Amphiprion_clarkii,CLK,pending upload,PNG,147.2911798,-9.5388325,Generalist,92.4044,14.3244,19753340,19759807,2192819
3387,Amphiprion_clarkii,CLK,pending upload,PNG,147.2911798,-9.5388325,Generalist,94.1909,12.426,19751152,19759807,2192819
3475,Amphiprion_clarkii,CLK,pending upload,PNG,147.2911798,-9.5388325,Generalist,91.3585,14.1913,19753939,19759807,2192819
3502,Amphiprion_clarkii,CLK,pending upload,PNG,147.2911798,-9.5388325,Generalist,94.933,21.7663,19753694,19759807,2192819
3503,Amphiprion_clarkii,CLK,pending upload,PNG,147.2911798,-9.5388325,Generalist,89.7796,18.7111,19753723,19759807,2192819
3504,Amphiprion_clarkii,CLK,pending upload,PNG,147.2911798,-9.5388325,Generalist,89.9678,23.8131,19753394,19759807,2192819
3571,Amphiprion_clarkii,CLK,pending upload,PNG,147.2911798,-9.5388325,Generalist,85.3496,12.5945,19753175,19759807,2192819
3572,Amphiprion_clarkii,CLK,pending upload,PNG,147.2911798,-9.5388325,Generalist,93.9424,17.3002,19754771,19759807,2192819
3574,Amphiprion_clarkii,CLK,pending upload,PNG,147.2911798,-9.5388325,Generalist,95.3172,13.0208,19753609,19759807,2192819
GB030,Amphiprion_clarkii,CLK,SRR29150661,IDN,124.8408708,1.4900578,Generalist,97.5722,10.6979,19748283,19759807,2192819
GB035,Amphiprion_clarkii,CLK,pending upload,IDN,124.8408708,1.4900578,Generalist,95.3627,15.4994,19753565,19759807,2192819
GB036,Amphiprion_clarkii,CLK,pending upload,IDN,124.8408708,1.4900578,Generalist,95.9788,15.8207,19751178,19759807,2192819
GB037,Amphiprion_clarkii,CLK,pending upload,IDN,124.8408708,1.4900578,Generalist,95.2538,14.266,19751812,19759807,2192819
GB169,Amphiprion_clarkii,CLK,pending upload,IDN,124.8408708,1.4900578,Generalist,95.4248,14.7543,19751773,19759807,2192819
GB170,Amphiprion_clarkii,CLK,SRR29150660,IDN,124.8408708,1.4900578,Generalist,97.5604,10.2174,19746590,19759807,2192819
GB171,Amphiprion_clarkii,CLK,pending upload,IDN,124.8408708,1.4900578,Generalist,96.3782,19.5039,19753472,19759807,2192819
GB172,Amphiprion_clarkii,CLK,SRR29150649,IDN,124.8408708,1.4900578,Generalist,97.5497,9.28422,19741717,19759807,2192819
GB176,Amphiprion_clarkii,CLK,SRR29150638,IDN,124.8408708,1.4900578,Generalist,97.7387,10.9153,19750887,19759807,2192819
GB177,Amphiprion_clarkii,CLK,SRR29150627,IDN,124.8408708,1.4900578,Generalist,97.6327,11.4888,19750991,19759807,2192819
GB187,Amphiprion_clarkii,CLK,pending upload,IDN,124.8408708,1.4900578,Generalist,94.7958,12.9564,19749683,19759807,2192819
GB188,Amphiprion_clarkii,CLK,pending upload,IDN,124.8408708,1.4900578,Generalist,91.1582,14.9595,19752792,19759807,2192819
GB189,Amphiprion_clarkii,CLK,pending upload,IDN,124.8408708,1.4900578,Generalist,94.8661,22.5773,19753149,19759807,2192819
GB198,Amphiprion_clarkii,CLK,pending upload,IDN,124.8408708,1.4900578,Generalist,95.5417,15.447,19753228,19759807,2192819
GB200,Amphiprion_clarkii,CLK,pending upload,IDN,124.8408708,1.4900578,Generalist,94.3878,15.5447,19752364,19759807,2192819
GB204,Amphiprion_clarkii,CLK,pending upload,IDN,124.8408708,1.4900578,Generalist,95.9937,13.4928,19748618,19759807,2192819
GB205,Amphiprion_clarkii,CLK,pending upload,IDN,124.8408708,1.4900578,Generalist,96.5602,17.0052,19752563,19759807,2192819
GB207,Amphiprion_clarkii,CLK,pending upload,IDN,124.8408708,1.4900578,Generalist,96.187,19.7838,19752492,19759807,2192819
GB210,Amphiprion_clarkii,CLK,pending upload,IDN,124.8408708,1.4900578,Generalist,96.2288,18.1721,19751817,19759807,2192819
GB211,Amphiprion_clarkii,CLK,pending upload,IDN,124.8408708,1.4900578,Generalist,96.6466,22.0777,19753659,19759807,2192819
GB213,Amphiprion_clarkii,CLK,pending upload,IDN,124.8408708,1.4900578,Generalist,95.6726,16.6146,19751729,19759807,2192819
GB215,Amphiprion_clarkii,CLK,pending upload,IDN,124.8408708,1.4900578,Generalist,93.7283,17.7115,19753343,19759807,2192819
GB218,Amphiprion_clarkii,CLK,pending upload,IDN,124.8408708,1.4900578,Generalist,92.6392,12.8885,19750340,19759807,2192819
GB219,Amphiprion_clarkii,CLK,pending upload,IDN,124.8408708,1.4900578,Generalist,82.53,13.3318,19750021,19759807,2192819
GB221,Amphiprion_clarkii,CLK,pending upload,IDN,124.8408708,1.4900578,Generalist,92.4006,14.3032,19751342,19759807,2192819
GB222,Amphiprion_clarkii,CLK,pending upload,IDN,124.8408708,1.4900578,Generalist,93.7476,15.6445,19750107,19759807,2192819
GB223,Amphiprion_clarkii,CLK,pending upload,IDN,124.8408708,1.4900578,Generalist,95.2164,21.6574,19753806,19759807,2192819
GB224,Amphiprion_clarkii,CLK,pending upload,IDN,124.8408708,1.4900578,Generalist,93.6089,16.5533,19752593,19759807,2192819
GB225,Amphiprion_clarkii,CLK,pending upload,IDN,124.8408708,1.4900578,Generalist,93.6475,15.7523,19752528,19759807,2192819
GB228,Amphiprion_clarkii,CLK,pending upload,IDN,124.8408708,1.4900578,Generalist,96.0334,17.1004,19753499,19759807,2192819
GB229,Amphiprion_clarkii,CLK,pending upload,IDN,124.8408708,1.4900578,Generalist,91.7094,14.838,19751715,19759807,2192819
GB230,Amphiprion_clarkii,CLK,pending upload,IDN,124.8408708,1.4900578,Generalist,94.4802,20.036,19753252,19759807,2192819
GB237,Amphiprion_clarkii,CLK,pending upload,IDN,124.8408708,1.4900578,Generalist,96.3873,17.8021,19752516,19759807,2192819
HKN042,Amphiprion_clarkii,CLK,pending upload,PNG,144.2489081,-5.6816069,Generalist,95.2587,16.8913,19755517,19759807,2192819
HKN045,Amphiprion_clarkii,CLK,pending upload,PNG,144.2489081,-5.6816069,Generalist,95.3599,18.1249,19755953,19759807,2192819
HKN112,Amphiprion_clarkii,CLK,pending upload,PNG,144.2489081,-5.6816069,Generalist,95.3043,20.2948,19755244,19759807,2192819
HKN153,Amphiprion_clarkii,CLK,pending upload,PNG,144.2489081,-5.6816069,Generalist,92.994,14.4815,19753708,19759807,2192819
HKN186,Amphiprion_clarkii,CLK,pending upload,PNG,144.2489081,-5.6816069,Generalist,95.4281,17.1131,19755126,19759807,2192819
HKN195,Amphiprion_clarkii,CLK,pending upload,PNG,144.2489081,-5.6816069,Generalist,95.6502,19.5164,19755234,19759807,2192819
AC136,Amphiprion_clarkii,CLK,SRR29150628,PHI,122.7312101,12.7503486,Generalist,96.0981,16.8891,19753101,19759807,2192819
AC145,Amphiprion_clarkii,CLK,SRR29150626,PHI,122.7312101,12.7503486,Generalist,96.3543,16.7717,19752102,19759807,2192819
AC153,Amphiprion_clarkii,CLK,SRR29150625,PHI,122.7312101,12.7503486,Generalist,96.7981,16.1335,19753717,19759807,2192819
AC202,Amphiprion_clarkii,CLK,SRR29150624,PHI,122.7312101,12.7503486,Generalist,95.6922,16.1116,19752431,19759807,2192819
AC211,Amphiprion_clarkii,CLK,SRR29150623,PHI,122.7312101,12.7503486,Generalist,96.102,16.2854,19752701,19759807,2192819
AC231,Amphiprion_clarkii,CLK,SRR29150622,PHI,122.7312101,12.7503486,Generalist,96.9963,15.8677,19751941,19759807,2192819
AC266,Amphiprion_clarkii,CLK,SRR29150621,PHI,122.7312101,12.7503486,Generalist,97.0445,15.3741,19752543,19759807,2192819
AC284,Amphiprion_clarkii,CLK,SRR29150620,PHI,122.7312101,12.7503486,Generalist,95.4749,16.2611,19751298,19759807,2192819
AC296,Amphiprion_clarkii,CLK,SRR29150619,PHI,122.7312101,12.7503486,Generalist,95.349,16.0418,19753617,19759807,2192819
AC302,Amphiprion_clarkii,CLK,SRR29150618,PHI,122.7312101,12.7503486,Generalist,94.2382,12.875,19748007,19759807,2192819
AC01,Amphiprion_clarkii,CLK,SRR29150607,TAI,120.9820179,23.9739374,Generalist,95.1714,15.1406,19749293,19759807,2192819
AC02,Amphiprion_clarkii,CLK,SRR29150606,TAI,120.9820179,23.9739374,Generalist,96.6592,17.0744,19748153,19759807,2192819
AC03,Amphiprion_clarkii,CLK,SRR29150604,TAI,120.9820179,23.9739374,Generalist,96.7587,16.8883,19747268,19759807,2192819
AC04,Amphiprion_clarkii,CLK,SRR29150603,TAI,120.9820179,23.9739374,Generalist,94.2705,15.4849,19750366,19759807,2192819
AC05,Amphiprion_clarkii,CLK,SRR29150602,TAI,120.9820179,23.9739374,Generalist,94.3352,14.7012,19746551,19759807,2192819
AC06,Amphiprion_clarkii,CLK,SRR29150601,TAI,120.9820179,23.9739374,Generalist,94.0044,15.4513,19749651,19759807,2192819
AC07,Amphiprion_clarkii,CLK,SRR29150600,TAI,120.9820179,23.9739374,Generalist,96.9665,14.2613,19749226,19759807,2192819
AC08,Amphiprion_clarkii,CLK,SRR29150599,TAI,120.9820179,23.9739374,Generalist,96.7577,16.6083,19748560,19759807,2192819
AC10,Amphiprion_clarkii,CLK,SRR29150598,TAI,120.9820179,23.9739374,Generalist,96.6661,16.7909,19747292,19759807,2192819
3721,Amphiprion_clarkii,CLK,pending upload,PNG,151.416667,-3,Generalist,90.8342,13.4956,19755251,19759807,2192819
3727,Amphiprion_clarkii,CLK,pending upload,PNG,151.416667,-3,Generalist,92.0274,14.9716,19752699,19759807,2192819
3729,Amphiprion_clarkii,CLK,pending upload,PNG,151.416667,-3,Generalist,93.1069,18.1026,19756324,19759807,2192819
3752,Amphiprion_clarkii,CLK,pending upload,PNG,151.416667,-3,Generalist,95.429,17.6556,19756096,19759807,2192819
3760,Amphiprion_clarkii,CLK,pending upload,PNG,151.416667,-3,Generalist,94.6746,18.0602,19756071,19759807,2192819
3762,Amphiprion_clarkii,CLK,pending upload,PNG,151.416667,-3,Generalist,94.4603,19.7789,19756416,19759807,2192819
3765,Amphiprion_clarkii,CLK,pending upload,PNG,151.416667,-3,Generalist,92.9356,12.9133,19754794,19759807,2192819
3787,Amphiprion_clarkii,CLK,pending upload,PNG,151.416667,-3,Generalist,95.1007,12.9492,19754702,19759807,2192819
3788,Amphiprion_clarkii,CLK,pending upload,PNG,151.416667,-3,Generalist,95.7334,21.5411,19756499,19759807,2192819
3823,Amphiprion_clarkii,CLK,pending upload,PNG,151.416667,-3,Generalist,94.7934,25.7346,19753977,19759807,2192819
3825,Amphiprion_clarkii,CLK,pending upload,PNG,151.416667,-3,Generalist,94.2719,14.1234,19755278,19759807,2192819
3826,Amphiprion_clarkii,CLK,pending upload,PNG,151.416667,-3,Generalist,94.8245,17.9148,19756767,19759807,2192819
3827,Amphiprion_clarkii,CLK,pending upload,PNG,151.416667,-3,Generalist,93.8315,14.9639,19755937,19759807,2192819
3828,Amphiprion_clarkii,CLK,pending upload,PNG,151.416667,-3,Generalist,95.2431,14.4137,19756106,19759807,2192819
3829,Amphiprion_clarkii,CLK,pending upload,PNG,151.416667,-3,Generalist,95.2026,18.9052,19757047,19759807,2192819
3830,Amphiprion_clarkii,CLK,pending upload,PNG,151.416667,-3,Generalist,94.3007,21.3878,19755855,19759807,2192819
AC3723,Amphiprion_clarkii,CLK,SRR29150640,PNG,151.416667,-3,Generalist,94.7205,15.9511,19755542,19759807,2192819
AC3725,Amphiprion_clarkii,CLK,SRR29150639,PNG,151.416667,-3,Generalist,94.6619,16.0509,19756386,19759807,2192819
AC3726,Amphiprion_clarkii,CLK,SRR29150637,PNG,151.416667,-3,Generalist,94.8903,15.2452,19756895,19759807,2192819
AC3728,Amphiprion_clarkii,CLK,SRR29150636,PNG,151.416667,-3,Generalist,94.359,14.8838,19755884,19759807,2192819
AC3730,Amphiprion_clarkii,CLK,SRR29150635,PNG,151.416667,-3,Generalist,93.9461,15.9727,19756414,19759807,2192819
AC3749,Amphiprion_clarkii,CLK,SRR29150634,PNG,151.416667,-3,Generalist,94.1888,15.2815,19756476,19759807,2192819
AC3750,Amphiprion_clarkii,CLK,SRR29150633,PNG,151.416667,-3,Generalist,94.6884,16.5648,19755760,19759807,2192819
AC3751,Amphiprion_clarkii,CLK,SRR29150632,PNG,151.416667,-3,Generalist,95.0729,15.5718,19755851,19759807,2192819
AC3753,Amphiprion_clarkii,CLK,SRR29150631,PNG,151.416667,-3,Generalist,95.103,15.3563,19755428,19759807,2192819
AC3764,Amphiprion_clarkii,CLK,SRR29150630,PNG,151.416667,-3,Generalist,95.1425,16.4473,19755663,19759807,2192819
AC3789,Amphiprion_clarkii,CLK,SRR29150629,PNG,151.416667,-3,Generalist,95.2148,16.4866,19756321,19759807,2192819
AC027,Amphiprion_clarkii,CLK,SRR29150648,NCD,165.3267822,-20.7960485,Generalist,94.51,15.555,19732308,19759807,2192819
NC028,Amphiprion_clarkii,CLK,SRR29150647,NCD,165.3267822,-20.7960485,Generalist,96.6184,9.54754,19726042,19759807,2192819
NC029,Amphiprion_clarkii,CLK,SRR29150646,NCD,165.3267822,-20.7960485,Generalist,96.6579,10.9397,19732291,19759807,2192819
NC032,Amphiprion_clarkii,CLK,SRR29150645,NCD,165.3267822,-20.7960485,Generalist,96.3319,10.6,19730552,19759807,2192819
NC037,Amphiprion_clarkii,CLK,SRR29150644,NCD,165.3267822,-20.7960485,Generalist,96.2732,9.48343,19726075,19759807,2192819
NC043,Amphiprion_clarkii,CLK,SRR29150643,NCD,165.3267822,-20.7960485,Generalist,96.3667,8.90969,19723111,19759807,2192819
AC062,Amphiprion_clarkii,CLK,SRR29150642,NCD,166.2585091,-22.352842,Generalist,95.4569,15.4605,19616130,19759807,2192819
CLK_113,Amphiprion_clarkii,CLK,pending upload,THA,98.77664337,7.7522403,Generalist,96.7545,26.5621,19747525,19759807,2192819
CLK_120,Amphiprion_clarkii,CLK,pending upload,THA,98.77664337,7.7522403,Generalist,96.7814,28.0777,19745210,19759807,2192819
CLK_123,Amphiprion_clarkii,CLK,pending upload,THA,98.77664337,7.7522403,Generalist,96.8659,23.223,19746925,19759807,2192819
CLK_130,Amphiprion_clarkii,CLK,pending upload,THA,98.77664337,7.7522403,Generalist,96.6516,23.0919,19747282,19759807,2192819
CLK_133,Amphiprion_clarkii,CLK,pending upload,THA,98.77664337,7.7522403,Generalist,96.8192,28.4716,19748576,19759807,2192819
CLK_65,Amphiprion_clarkii,CLK,pending upload,THA,98.3529292,7.9366015,Generalist,96.5877,22.3973,19746584,19759807,2192819
CLK_68,Amphiprion_clarkii,CLK,pending upload,THA,98.3529292,7.9366015,Generalist,96.6327,26.277,19743316,19759807,2192819
CLK_71,Amphiprion_clarkii,CLK,pending upload,THA,98.3529292,7.9366015,Generalist,96.686,22.0057,19745523,19759807,2192819
CLK_76,Amphiprion_clarkii,CLK,pending upload,THA,98.3529292,7.9366015,Generalist,96.5635,24.4406,19743553,19759807,2192819
2355,Amphiprion_clarkii,CLK,SRR29150617,SOI,157.327617,-8.3527301,Generalist,96.3244,7.52389,19701628,19759807,2192819
2356,Amphiprion_clarkii,CLK,SRR29150615,SOI,157.327617,-8.3527301,Generalist,96.3967,10.0063,19742439,19759807,2192819
2357,Amphiprion_clarkii,CLK,SRR29150614,SOI,157.327617,-8.3527301,Generalist,96.3716,7.85873,19709770,19759807,2192819
2358,Amphiprion_clarkii,CLK,SRR29150613,SOI,157.327617,-8.3527301,Generalist,96.0854,5.81948,19574298,19759807,2192819
2359,Amphiprion_clarkii,CLK,SRR29150612,SOI,157.327617,-8.3527301,Generalist,96.3743,7.90095,19716473,19759807,2192819
2360,Amphiprion_clarkii,CLK,SRR29150611,SOI,157.327617,-8.3527301,Generalist,96.3158,7.44125,19701039,19759807,2192819
2361,Amphiprion_clarkii,CLK,SRR29150610,SOI,157.327617,-8.3527301,Generalist,96.2884,8.89456,19729515,19759807,2192819
AC2353,Amphiprion_clarkii,CLK,SRR29150609,SOI,157.327617,-8.3527301,Generalist,95.6744,15.2608,19756061,19759807,2192819
AC2354,Amphiprion_clarkii,CLK,SRR29150608,SOI,157.327617,-8.3527301,Generalist,96.4305,15.9754,18575287,19759807,2192819
CLK_85,Amphiprion_clarkii,CLK,pending upload,THA,97.64486602,8.6487805,Generalist,96.6753,22.7175,19745077,19759807,2192819
CLK_90,Amphiprion_clarkii,CLK,pending upload,THA,97.64486602,8.6487805,Generalist,96.6655,24.8062,19744239,19759807,2192819
CLK_91,Amphiprion_clarkii,CLK,pending upload,THA,97.64486602,8.6487805,Generalist,96.6518,28.8556,19748384,19759807,2192819
CLK_95,Amphiprion_clarkii,CLK,pending upload,THA,97.64486602,8.6487805,Generalist,96.5822,27.9274,19746484,19759807,2192819
AC021,Amphiprion_clarkii,CLK,SRR29150641,NCD,165.3820202,-20.9371423,Generalist,95.4221,16.6795,19733549,19759807,2192819
GB081,Amphiprion_clarkii,CLK,SRR29150616,IDN,115.5928337,-8.2775419,Generalist,95.8261,8.61704,19738377,19759807,2192819
GB083,Amphiprion_clarkii,CLK,SRR29150605,IDN,115.5928337,-8.2775419,Generalist,97.107,8.52761,19737502,19759807,2192819
GB087,Amphiprion_clarkii,CLK,SRR29150597,IDN,115.5928337,-8.2775419,Generalist,96.9634,9.34595,19745235,19759807,2192819
GB088,Amphiprion_clarkii,CLK,SRR29150596,IDN,115.5928337,-8.2775419,Generalist,97.1931,8.31047,19737503,19759807,2192819
GB092,Amphiprion_clarkii,CLK,SRR29150595,IDN,115.5928337,-8.2775419,Generalist,97.1764,10.5483,19749466,19759807,2192819
EPH_111,Amphiprion_ephippium,EPH,pending upload,THA,98.77773918,7.948250918,EQ specialist,93.1681,27.7675,6425072,6425072,202007
EPH_112,Amphiprion_ephippium,EPH,pending upload,THA,98.77773918,7.948250918,EQ specialist,93.2024,27.4431,6425072,6425072,202007
EPH_126,Amphiprion_ephippium,EPH,pending upload,THA,98.7663099,7.653791561,EQ specialist,93.6223,24.4436,6425072,6425072,202007
EPH_127,Amphiprion_ephippium,EPH,pending upload,THA,98.7663099,7.653791561,EQ specialist,93.4785,24.9304,6425072,6425072,202007
EPH_131,Amphiprion_ephippium,EPH,pending upload,THA,98.7663099,7.653791561,EQ specialist,93.8798,24.5232,6425072,6425072,202007
EPH_72,Amphiprion_ephippium,EPH,pending upload,THA,98.37382866,7.614637942,EQ specialist,93.2626,25.218,6425072,6425072,202007
EPH_73,Amphiprion_ephippium,EPH,pending upload,THA,98.37382866,7.614637942,EQ specialist,92.5811,27.9331,6425072,6425072,202007
LAT_185,Amphiprion_latifasciatus,LAT,pending upload,MDG,43.55219953,-23.15439092,Generalist,90.0645,25.9897,9205379,9205379,293156
LAT_187,Amphiprion_latifasciatus,LAT,pending upload,MDG,43.55219953,-23.15439092,Generalist,89.5507,24.3607,9205379,9205379,293156
LAT_188,Amphiprion_latifasciatus,LAT,pending upload,MDG,43.57004371,-23.1400847,Generalist,90.02,22.5531,9205379,9205379,293156
LAT_199,Amphiprion_latifasciatus,LAT,pending upload,MDG,48.09970597,-13.32212519,Generalist,90.3874,24.5771,9205379,9205379,293156
LAT_200,Amphiprion_latifasciatus,LAT,pending upload,MDG,48.09970597,-13.32212519,Generalist,89.7455,24.1726,9205379,9205379,293156
LAT_215,Amphiprion_latifasciatus,LAT,pending upload,MDG,48.09153674,-13.30912701,Generalist,90.5145,23.8263,9205379,9205379,293156
LAT_223,Amphiprion_latifasciatus,LAT,pending upload,MDG,48.07666658,-13.39535167,Generalist,91.5467,22.573,9205379,9205379,293156
NC_064,Amphiprion_melanopus,MEL,pending upload,NCD,166.4444497,-22.3002118,EQ specialist,88.1374,30.0828,8963326,8964982,559236
NC_067,Amphiprion_melanopus,MEL,pending upload,NCD,166.4444497,-22.3002118,EQ specialist,92.2877,34.8524,8962739,8964982,559236
NC_045,Amphiprion_melanopus,MEL,pending upload,NCD,166.4393297,-22.2976877,EQ specialist,92.3684,25.6231,8964452,8964982,559236
NC_046,Amphiprion_melanopus,MEL,pending upload,NCD,166.4393297,-22.2976877,EQ specialist,91.4924,25.2868,8962229,8964982,559236
MEL_347,Amphiprion_melanopus,MEL,pending upload,AUS,151.9143834,-23.44419476,EQ specialist,92.6665,32.7899,8963789,8964982,559236
MEL_355,Amphiprion_melanopus,MEL,pending upload,AUS,151.9143834,-23.44419476,EQ specialist,92.4683,28.9722,8963233,8964982,559236
MEL_356,Amphiprion_melanopus,MEL,pending upload,AUS,151.9143834,-23.44419476,EQ specialist,92.4033,31.3938,8964077,8964982,559236
MEL_357,Amphiprion_melanopus,MEL,pending upload,AUS,151.9143834,-23.44419476,EQ specialist,92.6078,28.6868,8963761,8964982,559236
Ane02,Amphiprion_melanopus,MEL,pending upload,AUS,145.4609161,-14.6683188,EQ specialist,92.3728,8.03053,8679645,8964982,559236
MEL_234,Amphiprion_melanopus,MEL,pending upload,AUS,145.451743,-14.699401,EQ specialist,92.4427,31.2365,8964286,8964982,559236
MEL_242,Amphiprion_melanopus,MEL,pending upload,AUS,145.451743,-14.699401,EQ specialist,92.6204,36.2639,8964228,8964982,559236
MEL_257,Amphiprion_melanopus,MEL,pending upload,AUS,145.4636979,-14.6901794,EQ specialist,92.5794,29.4936,8964145,8964982,559236
MEL_258,Amphiprion_melanopus,MEL,pending upload,AUS,145.4636979,-14.6901794,EQ specialist,92.6488,30.8021,8964273,8964982,559236
MEL_266,Amphiprion_melanopus,MEL,pending upload,AUS,145.445956,-14.67709655,EQ specialist,92.6613,33.4112,8963905,8964982,559236
MEL_286,Amphiprion_melanopus,MEL,pending upload,AUS,145.4513111,-14.65773238,EQ specialist,92.6255,36.6414,8963623,8964982,559236
MEL_288,Amphiprion_melanopus,MEL,pending upload,AUS,145.4494728,-14.6641785,EQ specialist,92.6422,33.1732,8964245,8964982,559236
MEL_290,Amphiprion_melanopus,MEL,pending upload,AUS,145.4494728,-14.6641785,EQ specialist,92.7484,32.011,8964348,8964982,559236
GB_212,Amphiprion_melanopus,MEL,pending upload,IDN,124.8408708,1.4900578,EQ specialist,81.0553,34.0253,8959053,8964982,559236
GA_001,Amphiprion_melanopus,MEL,pending upload,IDN,115.4573313,-8.67894185,EQ specialist,92.7418,29.9756,8954847,8964982,559236
GA_012,Amphiprion_melanopus,MEL,pending upload,IDN,115.534745,-8.74565245,EQ specialist,93.1157,25.6432,8953241,8964982,559236
NC_052,Amphiprion_melanopus,MEL,pending upload,NCD,166.4750078,-22.2803087,EQ specialist,92.401,28.3464,8963234,8964982,559236
NC_057,Amphiprion_melanopus,MEL,pending upload,NCD,166.4750078,-22.2803087,EQ specialist,92.3422,28.9537,8963024,8964982,559236
NC_059,Amphiprion_melanopus,MEL,pending upload,NCD,166.4750078,-22.2803087,EQ specialist,92.465,30.6922,8963335,8964982,559236
NC_034,Amphiprion_melanopus,MEL,pending upload,NCD,165.3267822,-20.7960485,EQ specialist,92.6268,28.7811,8962964,8964982,559236
NC_035,Amphiprion_melanopus,MEL,pending upload,NCD,165.3267822,-20.7960485,EQ specialist,92.5569,29.4599,8962920,8964982,559236
NC_023,Amphiprion_melanopus,MEL,pending upload,NCD,165.3820202,-20.9371423,EQ specialist,92.4276,27.6503,8962474,8964982,559236
PRD_316,Amphiprion_perideraion,PRD,pending upload,AUS,151.9194111,-23.4699603,RM specialist,91.7465,37.6561,7512141,7512779,670278
PRD_323,Amphiprion_perideraion,PRD,pending upload,AUS,151.9194111,-23.4699603,RM specialist,91.8091,30.3957,7511492,7512779,670278
PRD_326,Amphiprion_perideraion,PRD,pending upload,AUS,151.9194111,-23.4699603,RM specialist,91.7794,28.2512,7511949,7512779,670278
PRD_330,Amphiprion_perideraion,PRD,pending upload,AUS,151.9233525,-23.43425146,RM specialist,91.6355,35.341,7512112,7512779,670278
PRD_341,Amphiprion_perideraion,PRD,pending upload,AUS,151.8979852,-23.45029555,RM specialist,91.5613,34.8907,7511725,7512779,670278
PRD_342,Amphiprion_perideraion,PRD,pending upload,AUS,151.8979852,-23.45029555,RM specialist,91.6961,27.2259,7511975,7512779,670278
PRD_343,Amphiprion_perideraion,PRD,pending upload,AUS,151.9376069,-23.43581893,RM specialist,91.8663,32.1366,7512104,7512779,670278
PRD_344,Amphiprion_perideraion,PRD,pending upload,AUS,151.9376069,-23.43581893,RM specialist,91.5867,27.213,7511729,7512779,670278
PRD_24,Amphiprion_perideraion,PRD,pending upload,THA,100.0305711,9.7349503,RM specialist,91.7113,22.6931,7511426,7512779,670278
PRD_30,Amphiprion_perideraion,PRD,pending upload,THA,100.0305711,9.7349503,RM specialist,91.9388,37.8973,7511954,7512779,670278
PRD_31,Amphiprion_perideraion,PRD,pending upload,THA,100.0305711,9.7349503,RM specialist,92.1539,26.4827,7511383,7512779,670278
PRD_33,Amphiprion_perideraion,PRD,pending upload,THA,100.0305711,9.7349503,RM specialist,92.0182,26.0137,7511561,7512779,670278
PRD_35,Amphiprion_perideraion,PRD,pending upload,THA,100.0305711,9.7349503,RM specialist,93.0949,22.2549,7510909,7512779,670278
PRD_36,Amphiprion_perideraion,PRD,pending upload,THA,100.0305711,9.7349503,RM specialist,92.0775,33.2444,7511629,7512779,670278
PRD_38,Amphiprion_perideraion,PRD,pending upload,THA,100.0305711,9.7349503,RM specialist,91.9425,38.4493,7511942,7512779,670278
PRD_41,Amphiprion_perideraion,PRD,pending upload,THA,100.0305711,9.7349503,RM specialist,91.6831,26.2244,7511565,7512779,670278
PRD_01,Amphiprion_perideraion,PRD,pending upload,THA,99.83953618,10.0921822,RM specialist,91.9603,24.5642,7510747,7512779,670278
PRD_07,Amphiprion_perideraion,PRD,pending upload,THA,99.83953618,10.0921822,RM specialist,91.6601,27.5042,7511662,7512779,670278
PRD_08,Amphiprion_perideraion,PRD,pending upload,THA,99.83953618,10.0921822,RM specialist,91.3121,23.5352,7511331,7512779,670278
PRD_09,Amphiprion_perideraion,PRD,pending upload,THA,99.83953618,10.0921822,RM specialist,91.9252,41.9861,7512044,7512779,670278
PRD_11,Amphiprion_perideraion,PRD,pending upload,THA,99.83953618,10.0921822,RM specialist,91.9641,35.6328,7511937,7512779,670278
PRD_12,Amphiprion_perideraion,PRD,pending upload,THA,99.83953618,10.0921822,RM specialist,91.5908,23.1497,7511665,7512779,670278
PRD_16,Amphiprion_perideraion,PRD,pending upload,THA,99.83953618,10.0921822,RM specialist,91.3824,22.8852,7511347,7512779,670278
PRD_20,Amphiprion_perideraion,PRD,pending upload,THA,99.83953618,10.0921822,RM specialist,91.3676,20.3746,7511347,7512779,670278
PRD_245,Amphiprion_perideraion,PRD,pending upload,AUS,145.4630929,-14.68576316,RM specialist,91.9274,38.4902,7512062,7512779,670278
PRD_251,Amphiprion_perideraion,PRD,pending upload,AUS,145.4630929,-14.68576316,RM specialist,91.8988,38.1316,7512304,7512779,670278
PRD_294,Amphiprion_perideraion,PRD,pending upload,AUS,145.4421335,-14.66684106,RM specialist,91.7558,37.6837,7512122,7512779,670278
PRD_298,Amphiprion_perideraion,PRD,pending upload,AUS,145.4421335,-14.66684106,RM specialist,91.9857,31.939,7512179,7512779,670278
PRD_305,Amphiprion_perideraion,PRD,pending upload,AUS,145.4396463,-14.68376474,RM specialist,91.7982,38.0549,7511871,7512779,670278
PRD_306,Amphiprion_perideraion,PRD,pending upload,AUS,145.4396463,-14.68376474,RM specialist,91.758,31.4173,7511959,7512779,670278
PRD_310,Amphiprion_perideraion,PRD,pending upload,AUS,145.4483005,-14.65387309,RM specialist,91.7827,32.542,7512000,7512779,670278
PRD_313,Amphiprion_perideraion,PRD,pending upload,AUS,145.4483005,-14.65387309,RM specialist,91.8104,31.7027,7512059,7512779,670278
001_PER,Amphiprion_perideraion,PRD,pending upload,NA,NA,NA,RM specialist,87.0191,28.3912,7511327,7512779,670278
NC001,Amphiprion_perideraion,PRD,SRR26235436,NCD,165.3820202,-20.9371423,RM specialist,91.7372,8.78418,7505976,7512779,670278
NC005,Amphiprion_perideraion,PRD,SRR26235435,NCD,165.3820202,-20.9371423,RM specialist,91.7988,9.83423,7508733,7512779,670278
NC006,Amphiprion_perideraion,PRD,SRR26235434,NCD,165.3820202,-20.9371423,RM specialist,91.5998,8.70539,7505578,7512779,670278
NC019,Amphiprion_perideraion,PRD,SRR26235433,NCD,165.3820202,-20.9371423,RM specialist,91.7654,9.49149,7508370,7512779,670278
NC022,Amphiprion_perideraion,PRD,SRR26235431,NCD,165.3820202,-20.9371423,RM specialist,91.8008,9.18806,7507591,7512779,670278
GB059,Amphiprion_perideraion,PRD,SRR26235430,IDN,115.5928337,-8.2775419,RM specialist,92.0364,9.75947,7508542,7512779,670278
GB060,Amphiprion_perideraion,PRD,SRR26235429,IDN,115.5928337,-8.2775419,RM specialist,92.0549,9.39569,7507205,7512779,670278
GB067,Amphiprion_perideraion,PRD,SRR26235428,IDN,115.5928337,-8.2775419,RM specialist,90.1403,7.28646,7495728,7512779,670278
GB085,Amphiprion_perideraion,PRD,SRR26235427,IDN,115.5928337,-8.2775419,RM specialist,92.0549,7.15313,7493687,7512779,670278
GB086,Amphiprion_perideraion,PRD,SRR26235426,IDN,115.5928337,-8.2775419,RM specialist,91.9387,9.07206,7506817,7512779,670278
GB_046,Amphiprion_polymnus,POL,pending upload,IDN,115.6626142,-8.3379718,SD specialist,96.7557,40.8137,24339504,24369861,923469
GB_047,Amphiprion_polymnus,POL,pending upload,IDN,115.6626142,-8.3379718,SD specialist,91.1216,32,24356099,24369861,923469
GB_048,Amphiprion_polymnus,POL,pending upload,IDN,115.6626142,-8.3379718,SD specialist,96.649,34.0087,24337223,24369861,923469
GB_049,Amphiprion_polymnus,POL,pending upload,IDN,115.6626142,-8.3379718,SD specialist,96.9355,40.9777,24336664,24369861,923469
POL_39,Amphiprion_polymnus,POL,pending upload,THA,100.0305711,9.7349503,SD specialist,90.5872,19.6338,24360271,24369861,923469
POL_40,Amphiprion_polymnus,POL,pending upload,THA,100.0305711,9.7349503,SD specialist,90.5609,20.7648,24364375,24369861,923469
POL_42,Amphiprion_polymnus,POL,pending upload,THA,99.97732925,9.795267274,SD specialist,90.5947,35.8221,24368007,24369861,923469
POL_43,Amphiprion_polymnus,POL,pending upload,THA,100.0305711,9.7349503,SD specialist,90.699,21.7163,24364392,24369861,923469
POL_45,Amphiprion_polymnus,POL,pending upload,THA,99.97732925,9.795267274,SD specialist,90.5909,29.879,24368021,24369861,923469
POL_46,Amphiprion_polymnus,POL,pending upload,THA,100.0305711,9.7349503,SD specialist,90.9525,23.0902,24366065,24369861,923469
POL_48,Amphiprion_polymnus,POL,pending upload,THA,100.0305711,9.7349503,SD specialist,92.3508,18.0497,24356782,24369861,923469
POL_52,Amphiprion_polymnus,POL,pending upload,THA,99.97732925,9.795267274,SD specialist,90.5934,33.0409,24367740,24369861,923469
POL_53,Amphiprion_polymnus,POL,pending upload,THA,100.0305711,9.7349503,SD specialist,90.9709,20.0486,24363380,24369861,923469
POL_22,Amphiprion_polymnus,POL,pending upload,THA,99.83953618,10.0921822,SD specialist,90.2914,21.0609,24363368,24369861,923469
GB_034,Amphiprion_polymnus,POL,pending upload,IDN,124.8408708,1.4900578,SD specialist,89.0608,32.082,24360726,24369861,923469
GB_045,Amphiprion_polymnus,POL,pending upload,IDN,124.8408708,1.4900578,SD specialist,88.5267,36.151,24365884,24369861,923469
GB_216,Amphiprion_polymnus,POL,pending upload,IDN,124.8408708,1.4900578,SD specialist,88.5052,35.0563,24361107,24369861,923469
GB_217,Amphiprion_polymnus,POL,pending upload,IDN,124.8408708,1.4900578,SD specialist,90.2122,35.4414,24360596,24369861,923469
007_POL,Amphiprion_polymnus,POL,pending upload,NA,NA,NA,SD specialist,87.745,39.3293,24306464,24369861,923469
GB_019,Amphiprion_polymnus,POL,pending upload,IDN,115.5928337,-8.2775419,SD specialist,90.6345,33.8089,24342772,24369861,923469
GB_066,Amphiprion_polymnus,POL,pending upload,IDN,115.5928337,-8.2775419,SD specialist,90.3641,33.7509,24361831,24369861,923469
GB_070,Amphiprion_polymnus,POL,pending upload,IDN,115.5928337,-8.2775419,SD specialist,92.2015,28.4028,24346306,24369861,923469
SA260,Amphiprion_sandaracinos,SAN,pending upload,AUS,105.6173515,-10.49124145,SD specialist,92.1255,8.43643,8750030,8755819,722227
SA261,Amphiprion_sandaracinos,SAN,pending upload,AUS,105.6173515,-10.49124145,SD specialist,92.3738,7.09336,8738866,8755819,722227
SA262,Amphiprion_sandaracinos,SAN,pending upload,AUS,105.6173515,-10.49124145,SD specialist,91.9886,8.16718,8748257,8755819,722227
SA113,Amphiprion_sandaracinos,SAN,pending upload,PNG,150.1445441,-5.5502054,SD specialist,91.3237,14.4234,8755775,8755819,722227
SA141,Amphiprion_sandaracinos,SAN,pending upload,PNG,150.1445441,-5.5502054,SD specialist,91.1248,13.2004,8755567,8755819,722227
SA158,Amphiprion_sandaracinos,SAN,pending upload,PNG,150.1445441,-5.5502054,SD specialist,91.1875,11.0917,8755494,8755819,722227
SA173,Amphiprion_sandaracinos,SAN,pending upload,PNG,150.1445441,-5.5502054,SD specialist,91.2037,15.918,8755771,8755819,722227
SA179,Amphiprion_sandaracinos,SAN,pending upload,PNG,150.1445441,-5.5502054,SD specialist,91.3424,9.84159,8754895,8755819,722227
SA228,Amphiprion_sandaracinos,SAN,pending upload,PNG,150.1445441,-5.5502054,SD specialist,91.1844,17.3224,8755810,8755819,722227
SA232,Amphiprion_sandaracinos,SAN,pending upload,PNG,150.1445441,-5.5502054,SD specialist,90.9312,21.9998,8755553,8755819,722227
SA238,Amphiprion_sandaracinos,SAN,pending upload,PNG,150.1445441,-5.5502054,SD specialist,92.6423,6.09016,8716148,8755819,722227
SA244,Amphiprion_sandaracinos,SAN,pending upload,PNG,150.1445441,-5.5502054,SD specialist,90.3395,13.0307,8755705,8755819,722227
GB033,Amphiprion_sandaracinos,SAN,pending upload,IDN,124.8408708,1.4900578,SD specialist,91.0809,15.0014,8755266,8755819,722227
GB174,Amphiprion_sandaracinos,SAN,SRR26235425,IDN,124.8408708,1.4900578,SD specialist,91.4781,8.80628,8746647,8755819,722227
GB206,Amphiprion_sandaracinos,SAN,SRR26235424,IDN,124.8408708,1.4900578,SD specialist,91.1597,9.47318,8751556,8755819,722227
GB208,Amphiprion_sandaracinos,SAN,SRR26235423,IDN,124.8408708,1.4900578,SD specialist,91.3737,11.64,8754649,8755819,722227
GB209,Amphiprion_sandaracinos,SAN,SRR26235422,IDN,124.8408708,1.4900578,SD specialist,91.4327,10.4376,8752889,8755819,722227
GB227,Amphiprion_sandaracinos,SAN,SRR26235420,IDN,124.8408708,1.4900578,SD specialist,91.1852,11.8546,8754306,8755819,722227
SA186,Amphiprion_sandaracinos,SAN,pending upload,SOI,157.9961689,-8.51329565,SD specialist,91.7299,7.81565,8749509,8755819,722227
SA188,Amphiprion_sandaracinos,SAN,pending upload,SOI,157.9961689,-8.51329565,SD specialist,91.3736,11.606,8755445,8755819,722227
SA193,Amphiprion_sandaracinos,SAN,pending upload,SOI,157.9961689,-8.51329565,SD specialist,91.5802,6.16688,8721131,8755819,722227
SA195,Amphiprion_sandaracinos,SAN,pending upload,SOI,157.9961689,-8.51329565,SD specialist,91.5461,11.2429,8755398,8755819,722227
SA200,Amphiprion_sandaracinos,SAN,pending upload,SOI,157.9961689,-8.51329565,SD specialist,90.7663,14.3417,8755656,8755819,722227
SA207,Amphiprion_sandaracinos,SAN,pending upload,SOI,157.9961689,-8.51329565,SD specialist,91.5103,16.3223,8754552,8755819,722227
SA218,Amphiprion_sandaracinos,SAN,pending upload,SOI,157.9961689,-8.51329565,SD specialist,90.8627,13.0835,8755625,8755819,722227
SA185,Amphiprion_sandaracinos,SAN,pending upload,NA,NA,NA,SD specialist,91.7667,10.8062,8740923,8755819,722227